<?xml version="1.0" encoding="UTF-8"?>
<project-private xmlns="http://www.netbeans.org/ns/project-private/1">
    <editor-bookmarks xmlns="http://www.netbeans.org/ns/editor-bookmarks/2" lastBookmarkId="0"/>
    <open-files xmlns="http://www.netbeans.org/ns/projectui-open-files/2">
        <group>
            <file>file:/C:/Users/dosid/Documents/Study%20Document/HK4/IS216%20-%20JAVA/version%20edit/dangnhapjava62/dangnhapjava3/dangnhapjava/src/laptrinhjavagd/NewJPanel_popup_CV.java</file>
            <file>file:/C:/Users/dosid/Documents/Study%20Document/HK4/IS216%20-%20JAVA/version%20edit/dangnhapjava62/dangnhapjava3/dangnhapjava/src/laptrinhjavagd/Main.java</file>
            <file>file:/C:/Users/dosid/Documents/Study%20Document/HK4/IS216%20-%20JAVA/version%20edit/dangnhapjava62/dangnhapjava3/dangnhapjava/src/laptrinhjavagd/QLDB.java</file>
            <file>file:/C:/Users/dosid/Documents/Study%20Document/HK4/IS216%20-%20JAVA/version%20edit/dangnhapjava62/dangnhapjava3/dangnhapjava/src/dangnhapjava/MainDangNhap.java</file>
            <file>file:/C:/Users/dosid/Documents/Study%20Document/HK4/IS216%20-%20JAVA/version%20edit/dangnhapjava62/dangnhapjava3/dangnhapjava/src/laptrinhjavagd/TaoKetNoiCSDL.java</file>
            <file>file:/C:/Users/dosid/Documents/Study%20Document/HK4/IS216%20-%20JAVA/version%20edit/dangnhapjava62/dangnhapjava3/dangnhapjava/src/laptrinhjavagd/QLNV.java</file>
            <file>file:/C:/Users/dosid/Documents/Study%20Document/HK4/IS216%20-%20JAVA/version%20edit/dangnhapjava62/dangnhapjava3/dangnhapjava/src/laptrinhjavagd/QLDT.java</file>
            <file>file:/C:/Users/dosid/Documents/Study%20Document/HK4/IS216%20-%20JAVA/version%20edit/dangnhapjava62/dangnhapjava3/dangnhapjava/src/laptrinhjavagd/NewJPanel_popup_KH.java</file>
            <file>file:/C:/Users/dosid/Documents/Study%20Document/HK4/IS216%20-%20JAVA/version%20edit/dangnhapjava62/dangnhapjava3/dangnhapjava/src/dangnhapjava/dangnhap.java</file>
            <file>file:/C:/Users/dosid/Documents/Study%20Document/HK4/IS216%20-%20JAVA/version%20edit/dangnhapjava62/dangnhapjava3/dangnhapjava/src/laptrinhjavagd/ThongKe.java</file>
            <file>file:/C:/Users/dosid/Documents/Study%20Document/HK4/IS216%20-%20JAVA/version%20edit/dangnhapjava62/dangnhapjava3/dangnhapjava/src/laptrinhjavagd/QLTD.java</file>
            <file>file:/C:/Users/dosid/Documents/Study%20Document/HK4/IS216%20-%20JAVA/version%20edit/dangnhapjava62/dangnhapjava3/dangnhapjava/src/laptrinhjavagd/Main_NV.java</file>
            <file>file:/C:/Users/dosid/Documents/Study%20Document/HK4/IS216%20-%20JAVA/version%20edit/dangnhapjava62/dangnhapjava3/dangnhapjava/src/dangnhapjava/dangky.java</file>
            <file>file:/C:/Users/dosid/Documents/Study%20Document/HK4/IS216%20-%20JAVA/version%20edit/dangnhapjava62/dangnhapjava3/dangnhapjava/src/laptrinhjavagd/QLCV.java</file>
            <file>file:/C:/Users/dosid/Documents/Study%20Document/HK4/IS216%20-%20JAVA/version%20edit/dangnhapjava62/dangnhapjava3/dangnhapjava/src/laptrinhjavagd/NewJPanel_popup_NV.java</file>
            <file>file:/C:/Users/dosid/Documents/Study%20Document/HK4/IS216%20-%20JAVA/version%20edit/dangnhapjava62/dangnhapjava3/dangnhapjava/src/laptrinhjavagd/QLKH.java</file>
        </group>
    </open-files>
</project-private>
